text,favorited,favoriteCount,replyToSN,created,truncated,replyToSID,id,replyToUID,statusSource,screenName,retweetCount,isRetweet,retweeted,longitude,latitude,i,long,lat,from,to,party_area,,
"Brexit will be the making of the UK, in that we won't all starve to death or run out of aspirin.
#brexit",FALSE,0,NA,10/01/2020 23:53,FALSE,NA,1.21578E+18,NA,"<a href=\http://twitter.com/download/android\"" rel=\""nofollow\"">Twitter for Android</a>""",ShaunAFitzy78,0,FALSE,FALSE,NA,NA,1,53.3579914,-3.090529302,10/01/2020,11/01/2020,Labour,,
"RT @VodkaWardrobe: 'Humour so uncannily close to reality my sides hurt from laughing' 5<U+2B50>

A wonderful short story made up of snippets of re…",FALSE,0,NA,10/01/2020 21:59,FALSE,NA,1.21575E+18,NA,"<a href=\https://mobile.twitter.com\"" rel=\""nofollow\"">Twitter Web App</a>""",AuthorMichael57,42,TRUE,FALSE,NA,NA,1,53.3579914,-3.090529302,10/01/2020,11/01/2020,Labour,,
"RT @VodkaWardrobe: 'Humour so uncannily close to reality my sides hurt from laughing' 5<U+2B50>

A wonderful short story made up of snippets of re…",FALSE,0,NA,10/01/2020 20:44,FALSE,NA,1.21574E+18,NA,"<a href=\https://mobile.twitter.com\"" rel=\""nofollow\"">Twitter Web App</a>""",barbiesway,42,TRUE,FALSE,NA,NA,1,53.3579914,-3.090529302,10/01/2020,11/01/2020,Labour,,
"RT @VodkaWardrobe: 'Humour so uncannily close to reality my sides hurt from laughing' 5<U+2B50>

A wonderful short story made up of snippets of re…",FALSE,0,NA,10/01/2020 20:26,FALSE,NA,1.21573E+18,NA,"<a href=\http://twitter.com/download/android\"" rel=\""nofollow\"">Twitter for Android</a>""",jgmacleodauthor,42,TRUE,FALSE,NA,NA,1,53.3579914,-3.090529302,10/01/2020,11/01/2020,Labour,,
"RT @VodkaWardrobe: 'Humour so uncannily close to reality my sides hurt from laughing' 5<U+2B50>

A wonderful short story made up of snippets of re…",FALSE,0,NA,10/01/2020 19:39,FALSE,NA,1.21572E+18,NA,"<a href=\http://twitter.com\"" rel=\""nofollow\"">Twitter Web Client</a>""",mywritersnook,42,TRUE,FALSE,NA,NA,1,53.3579914,-3.090529302,10/01/2020,11/01/2020,Labour,,
"RT @VodkaWardrobe: 'Humour so uncannily close to reality my sides hurt from laughing' 5<U+2B50>

A wonderful short story made up of snippets of re…",FALSE,0,NA,10/01/2020 19:16,FALSE,NA,1.21571E+18,NA,"<a href=\http://twitter.com/download/android\"" rel=\""nofollow\"">Twitter for Android</a>""",JulieJa21177914,42,TRUE,FALSE,NA,NA,1,53.3579914,-3.090529302,10/01/2020,11/01/2020,Labour,,
"#RoyalReferendum are you kidding?
This cuntry voted for:

#Brexit
#may
#LiarJohnson
#JohnSergeant

They cannot be t… https://t.co/fxxatYlmfq",FALSE,0,NA,10/01/2020 19:04,TRUE,NA,1.21571E+18,NA,"<a href=\https://mobile.twitter.com\"" rel=\""nofollow\"">Twitter Web App</a>""",reidmp,0,FALSE,FALSE,NA,NA,1,53.3579914,-3.090529302,10/01/2020,11/01/2020,Labour,,
"RT @VodkaWardrobe: 'Humour so uncannily close to reality my sides hurt from laughing' 5<U+2B50>

A wonderful short story made up of snippets of re…",FALSE,0,NA,10/01/2020 16:46,FALSE,NA,1.21568E+18,NA,"<a href=\https://mobile.twitter.com\"" rel=\""nofollow\"">Twitter Web App</a>""",kellihatha1,42,TRUE,FALSE,NA,NA,1,53.3579914,-3.090529302,10/01/2020,11/01/2020,Labour,,
"RT @VodkaWardrobe: 'Humour so uncannily close to reality my sides hurt from laughing' 5<U+2B50>

A wonderful short story made up of snippets of re…",FALSE,0,NA,10/01/2020 16:02,FALSE,NA,1.21567E+18,NA,"<a href=\https://mobile.twitter.com\"" rel=\""nofollow\"">Twitter Web App</a>""",bawoldridge,42,TRUE,FALSE,NA,NA,1,53.3579914,-3.090529302,10/01/2020,11/01/2020,Labour,,
"RT @VodkaWardrobe: 'Humour so uncannily close to reality my sides hurt from laughing' 5<U+2B50>

A wonderful short story made up of snippets of re…",FALSE,0,NA,10/01/2020 15:36,FALSE,NA,1.21566E+18,NA,"<a href=\https://mobile.twitter.com\"" rel=\""nofollow\"">Twitter Web App</a>""",MiltonLeeroy,42,TRUE,FALSE,NA,NA,1,53.3579914,-3.090529302,10/01/2020,11/01/2020,Labour,,
"RT @VodkaWardrobe: 'Humour so uncannily close to reality my sides hurt from laughing' 5<U+2B50>

A wonderful short story made up of snippets of re…",FALSE,0,NA,10/01/2020 15:15,FALSE,NA,1.21565E+18,NA,"<a href=\http://twitter.com/download/android\"" rel=\""nofollow\"">Twitter for Android</a>""",Juanitajosefi,42,TRUE,FALSE,NA,NA,1,53.3579914,-3.090529302,10/01/2020,11/01/2020,Labour,,
"RT @VodkaWardrobe: 'Humour so uncannily close to reality my sides hurt from laughing' 5<U+2B50>

A wonderful short story made up of snippets of re…",FALSE,0,NA,10/01/2020 15:14,FALSE,NA,1.21565E+18,NA,"<a href=\http://twitter.com/download/android\"" rel=\""nofollow\"">Twitter for Android</a>""",MarthaPerezBook,42,TRUE,FALSE,NA,NA,1,53.3579914,-3.090529302,10/01/2020,11/01/2020,Labour,,
"RT @VodkaWardrobe: 'Humour so uncannily close to reality my sides hurt from laughing' 5<U+2B50>

A wonderful short story made up of snippets of re…",FALSE,0,NA,10/01/2020 15:13,FALSE,NA,1.21565E+18,NA,"<a href=\https://mobile.twitter.com\"" rel=\""nofollow\"">Twitter Web App</a>""",crystalclinton9,42,TRUE,FALSE,NA,NA,1,53.3579914,-3.090529302,10/01/2020,11/01/2020,Labour,,
"RT @VodkaWardrobe: 'Humour so uncannily close to reality my sides hurt from laughing' 5<U+2B50>

A wonderful short story made up of snippets of re…",FALSE,0,NA,10/01/2020 14:29,FALSE,NA,1.21564E+18,NA,"<a href=\http://twitter.com/download/android\"" rel=\""nofollow\"">Twitter for Android</a>""",GalacticCRealm,42,TRUE,FALSE,NA,NA,1,53.3579914,-3.090529302,10/01/2020,11/01/2020,Labour,,
"RT @VodkaWardrobe: 'Humour so uncannily close to reality my sides hurt from laughing' 5<U+2B50>

A wonderful short story made up of snippets of re…",FALSE,0,NA,10/01/2020 14:11,FALSE,NA,1.21564E+18,NA,"<a href=\https://mobile.twitter.com\"" rel=\""nofollow\"">Twitter Web App</a>""",WendyESlater,42,TRUE,FALSE,NA,NA,1,53.3579914,-3.090529302,10/01/2020,11/01/2020,Labour,,
"RT @VodkaWardrobe: 'Humour so uncannily close to reality my sides hurt from laughing' 5<U+2B50>

A wonderful short story made up of snippets of re…",FALSE,0,NA,10/01/2020 13:42,FALSE,NA,1.21563E+18,NA,"<a href=\http://twitter.com/download/iphone\"" rel=\""nofollow\"">Twitter for iPhone</a>""",lisathesloth1,42,TRUE,FALSE,NA,NA,1,53.3579914,-3.090529302,10/01/2020,11/01/2020,Labour,,
"RT @VodkaWardrobe: 'Humour so uncannily close to reality my sides hurt from laughing' 5<U+2B50>

A wonderful short story made up of snippets of re…",FALSE,0,NA,10/01/2020 13:26,FALSE,NA,1.21563E+18,NA,"<a href=\https://mobile.twitter.com\"" rel=\""nofollow\"">Twitter Web App</a>""",MaryLSchmidt,42,TRUE,FALSE,NA,NA,1,53.3579914,-3.090529302,10/01/2020,11/01/2020,Labour,,
"RT @VodkaWardrobe: 'Humour so uncannily close to reality my sides hurt from laughing' 5<U+2B50>

A wonderful short story made up of snippets of re…",FALSE,0,NA,10/01/2020 13:26,FALSE,NA,1.21563E+18,NA,"<a href=\https://mobile.twitter.com\"" rel=\""nofollow\"">Twitter Web App</a>""",LesleyEames,42,TRUE,FALSE,NA,NA,1,53.3579914,-3.090529302,10/01/2020,11/01/2020,Labour,,
"RT @VodkaWardrobe: 'Humour so uncannily close to reality my sides hurt from laughing' 5<U+2B50>

A wonderful short story made up of snippets of re…",FALSE,0,NA,10/01/2020 13:06,FALSE,NA,1.21562E+18,NA,"<a href=\https://mobile.twitter.com\"" rel=\""nofollow\"">Twitter Web App</a>""",Pat_McDermott,42,TRUE,FALSE,NA,NA,1,53.3579914,-3.090529302,10/01/2020,11/01/2020,Labour,,
"RT @VodkaWardrobe: 'Humour so uncannily close to reality my sides hurt from laughing' 5<U+2B50>

A wonderful short story made up of snippets of re…",FALSE,0,NA,10/01/2020 12:52,FALSE,NA,1.21562E+18,NA,"<a href=\http://twitter.com\"" rel=\""nofollow\"">Twitter Web Client</a>""",AuthorAlexBaile,42,TRUE,FALSE,NA,NA,1,53.3579914,-3.090529302,10/01/2020,11/01/2020,Labour,,
"RT @VodkaWardrobe: 'Humour so uncannily close to reality my sides hurt from laughing' 5<U+2B50>

A wonderful short story made up of snippets of re…",FALSE,0,NA,10/01/2020 12:51,FALSE,NA,1.21562E+18,NA,"<a href=\http://twitter.com/download/iphone\"" rel=\""nofollow\"">Twitter for iPhone</a>""",GoAnitaDow,42,TRUE,FALSE,NA,NA,1,53.3579914,-3.090529302,10/01/2020,11/01/2020,Labour,,
"RT @VodkaWardrobe: 'Humour so uncannily close to reality my sides hurt from laughing' 5<U+2B50>

A wonderful short story made up of snippets of re…",FALSE,0,NA,10/01/2020 12:43,FALSE,NA,1.21562E+18,NA,"<a href=\https://mobile.twitter.com\"" rel=\""nofollow\"">Twitter Web App</a>""",anglrsg9,42,TRUE,FALSE,NA,NA,1,53.3579914,-3.090529302,10/01/2020,11/01/2020,Labour,,
"RT @VodkaWardrobe: 'Humour so uncannily close to reality my sides hurt from laughing' 5<U+2B50>

A wonderful short story made up of snippets of re…",FALSE,0,NA,10/01/2020 12:20,FALSE,NA,1.21561E+18,NA,"<a href=\http://twitter.com/download/iphone\"" rel=\""nofollow\"">Twitter for iPhone</a>""",colingarrow,42,TRUE,FALSE,NA,NA,1,53.3579914,-3.090529302,10/01/2020,11/01/2020,Labour,,
"RT @VodkaWardrobe: 'Humour so uncannily close to reality my sides hurt from laughing' 5<U+2B50>

A wonderful short story made up of snippets of re…",FALSE,0,NA,10/01/2020 11:48,FALSE,NA,1.2156E+18,NA,"<a href=\https://mobile.twitter.com\"" rel=\""nofollow\"">Twitter Web App</a>""",VClinebarton,42,TRUE,FALSE,NA,NA,1,53.3579914,-3.090529302,10/01/2020,11/01/2020,Labour,,
@petitlarcenous @guardiannews Wild reinterpretation there. Wish to become financially independent so as to silence… https://t.co/b05kG0cyYe,FALSE,0,petitlarcenous,10/01/2020 11:12,TRUE,1.21558E+18,1.21559E+18,2364757153,"<a href=\http://twitter.com/download/iphone\"" rel=\""nofollow\"">Twitter for iPhone</a>""",toadovision,0,FALSE,FALSE,NA,NA,1,53.3579914,-3.090529302,10/01/2020,11/01/2020,Labour,,
"RT @VodkaWardrobe: 'Humour so uncannily close to reality my sides hurt from laughing' 5<U+2B50>

A wonderful short story made up of snippets of re…",FALSE,0,NA,10/01/2020 08:18,FALSE,NA,1.21555E+18,NA,"<a href=\https://mobile.twitter.com\"" rel=\""nofollow\"">Twitter Web App</a>""",PennilessScribe,42,TRUE,FALSE,NA,NA,1,53.3579914,-3.090529302,10/01/2020,11/01/2020,Labour,,
"RT @VodkaWardrobe: 'Humour so uncannily close to reality my sides hurt from laughing' 5<U+2B50>

A wonderful short story made up of snippets of re…",FALSE,0,NA,10/01/2020 08:06,FALSE,NA,1.21555E+18,NA,"<a href=\https://mobile.twitter.com\"" rel=\""nofollow\"">Twitter Web App</a>""",brotzel_fiction,42,TRUE,FALSE,NA,NA,1,53.3579914,-3.090529302,10/01/2020,11/01/2020,Labour,,
"RT @VodkaWardrobe: 'Humour so uncannily close to reality my sides hurt from laughing' 5<U+2B50>

A wonderful short story made up of snippets of re…",FALSE,0,NA,10/01/2020 07:51,FALSE,NA,1.21554E+18,NA,"<a href=\https://mobile.twitter.com\"" rel=\""nofollow\"">Twitter Web App</a>""",MartinJBest1,42,TRUE,FALSE,NA,NA,1,53.3579914,-3.090529302,10/01/2020,11/01/2020,Labour,,
"RT @VodkaWardrobe: 'Humour so uncannily close to reality my sides hurt from laughing' 5<U+2B50>

A wonderful short story made up of snippets of re…",FALSE,0,NA,10/01/2020 07:45,FALSE,NA,1.21554E+18,NA,"<a href=\http://twitter.com/download/android\"" rel=\""nofollow\"">Twitter for Android</a>""",KaceyKells,42,TRUE,FALSE,NA,NA,1,53.3579914,-3.090529302,10/01/2020,11/01/2020,Labour,,
"RT @VodkaWardrobe: 'Humour so uncannily close to reality my sides hurt from laughing' 5<U+2B50>

A wonderful short story made up of snippets of re…",FALSE,0,NA,10/01/2020 04:01,FALSE,NA,1.21548E+18,NA,"<a href=\http://twitter.com/download/iphone\"" rel=\""nofollow\"">Twitter for iPhone</a>""",sudesna_ghosh,42,TRUE,FALSE,NA,NA,1,53.3579914,-3.090529302,10/01/2020,11/01/2020,Labour,,
"RT @VodkaWardrobe: 'Humour so uncannily close to reality my sides hurt from laughing' 5<U+2B50>

A wonderful short story made up of snippets of re…",FALSE,0,NA,10/01/2020 04:00,FALSE,NA,1.21548E+18,NA,"<a href=\http://twitter.com/download/android\"" rel=\""nofollow\"">Twitter for Android</a>""",sak_stories,42,TRUE,FALSE,NA,NA,1,53.3579914,-3.090529302,10/01/2020,11/01/2020,Labour,,
"RT @VodkaWardrobe: 'Humour so uncannily close to reality my sides hurt from laughing' 5<U+2B50>

A wonderful short story made up of snippets of re…",FALSE,0,NA,10/01/2020 01:11,FALSE,NA,1.21544E+18,NA,"<a href=\http://twitter.com/download/android\"" rel=\""nofollow\"">Twitter for Android</a>""",Travis_Borne,42,TRUE,FALSE,NA,NA,1,53.3579914,-3.090529302,10/01/2020,11/01/2020,Labour,,
"RT @EuropeanSeminar: #Twitterstorians, for this lecture by Prof. Brendan Simms from @MEHcambridge we had to modify the title a few times ov…",FALSE,0,NA,10/01/2020 22:19,FALSE,NA,1.21576E+18,NA,"<a href=\http://twitter.com/download/android\"" rel=\""nofollow\"">Twitter for Android</a>""",Laura8tel,4,TRUE,FALSE,NA,NA,1,54.96026711,-1.557473011,10/01/2020,11/01/2020,Labour,,
"RT @EuropeanSeminar: #Twitterstorians, for this lecture by Prof. Brendan Simms from @MEHcambridge we had to modify the title a few times ov…",FALSE,0,NA,10/01/2020 21:08,FALSE,NA,1.21574E+18,NA,"<a href=\http://twitter.com/download/android\"" rel=\""nofollow\"">Twitter for Android</a>""",DrRobDale,4,TRUE,FALSE,NA,NA,1,54.96026711,-1.557473011,10/01/2020,11/01/2020,Labour,,
Just been catching up on the news about #HarryandMeghan. Why is no one referring to it as HazMegExit yet. It’s The… https://t.co/Y09Jjv5L4X,FALSE,3,NA,10/01/2020 20:19,TRUE,NA,1.21573E+18,NA,"<a href=\http://twitter.com/download/iphone\"" rel=\""nofollow\"">Twitter for iPhone</a>""",NurseDomSimpson,0,FALSE,FALSE,NA,NA,1,54.96026711,-1.557473011,10/01/2020,11/01/2020,Labour,,
"RT @EuropeanSeminar: #Twitterstorians, for this lecture by Prof. Brendan Simms from @MEHcambridge we had to modify the title a few times ov…",FALSE,0,NA,10/01/2020 19:05,FALSE,NA,1.21571E+18,NA,"<a href=\https://mobile.twitter.com\"" rel=\""nofollow\"">Twitter Web App</a>""",Daniel_Newcast,4,TRUE,FALSE,NA,NA,1,54.96026711,-1.557473011,10/01/2020,11/01/2020,Labour,,
"RT @EuropeanSeminar: #Twitterstorians, for this lecture by Prof. Brendan Simms from @MEHcambridge we had to modify the title a few times ov…",FALSE,0,NA,10/01/2020 17:01,FALSE,NA,1.21568E+18,NA,"<a href=\https://mobile.twitter.com\"" rel=\""nofollow\"">Twitter Web App</a>""",MEHcambridge,4,TRUE,FALSE,NA,NA,1,54.96026711,-1.557473011,10/01/2020,11/01/2020,Labour,,
"#Twitterstorians, for this lecture by Prof. Brendan Simms from @MEHcambridge we had to modify the title a few times… https://t.co/Pwxbte07ZG",FALSE,12,NA,10/01/2020 16:24,TRUE,NA,1.21567E+18,NA,"<a href=\https://mobile.twitter.com\"" rel=\""nofollow\"">Twitter Web App</a>""",EuropeanSeminar,4,FALSE,FALSE,NA,NA,1,54.96026711,-1.557473011,10/01/2020,11/01/2020,Labour,,
"RT @sageuk: From financial markets to #GDPR, Brexit will impact business from every angle. Gain industry insight &amp; adapt to change with opt…",FALSE,0,NA,10/01/2020 14:06,FALSE,NA,1.21564E+18,NA,"<a href=\https://mobile.twitter.com\"" rel=\""nofollow\"">Twitter Web App</a>""",SterlingLimited,2,TRUE,FALSE,NA,NA,1,54.96026711,-1.557473011,10/01/2020,11/01/2020,Labour,,
"RT @sageuk: From financial markets to #GDPR, Brexit will impact business from every angle. Gain industry insight &amp; adapt to change with opt…",FALSE,0,NA,10/01/2020 11:29,FALSE,NA,1.2156E+18,NA,"<a href=\https://mobile.twitter.com\"" rel=\""nofollow\"">Twitter Web App</a>""",GeoffreyDorrity,2,TRUE,FALSE,NA,NA,1,54.96026711,-1.557473011,10/01/2020,11/01/2020,Labour,,
"Access to education opportunists denied! <U+0001F926><U+200D><U+2642><U+FE0F>Throw away the world to get your country back, why would you want to g… https://t.co/6F9BgesAfX",FALSE,0,NA,10/01/2020 10:59,TRUE,NA,1.21559E+18,NA,"<a href=\https://mobile.twitter.com\"" rel=\""nofollow\"">Twitter Web App</a>""",NurseDomSimpson,0,FALSE,FALSE,NA,NA,1,54.96026711,-1.557473011,10/01/2020,11/01/2020,Labour,,
"@Antonineone1 I watch this last night and it was really quite pleasant, it was surprising how often the panel agree… https://t.co/58u03nCSwh",FALSE,0,Antonineone1,10/01/2020 09:38,TRUE,1.21532E+18,1.21557E+18,3632005221,"<a href=\http://twitter.com/download/iphone\"" rel=\""nofollow\"">Twitter for iPhone</a>""",GoodOldMedia,0,FALSE,FALSE,NA,NA,1,54.96026711,-1.557473011,10/01/2020,11/01/2020,Labour,,
"And despite it all, British hatred of foreigners and our innate superiority complex won out. The only convincer wil… https://t.co/Ur3IxxDVmH",FALSE,0,NA,10/01/2020 08:51,TRUE,NA,1.21556E+18,NA,"<a href=\http://twitter.com/download/android\"" rel=\""nofollow\"">Twitter for Android</a>""",MandyLifeboat,0,FALSE,FALSE,NA,NA,1,54.96026711,-1.557473011,10/01/2020,11/01/2020,Labour,,
RT @JMOWright: What kind of people elected a government that votes to block the CHILD REFUGEES from being reunited with their families who…,FALSE,0,NA,10/01/2020 03:40,FALSE,NA,1.21548E+18,NA,"<a href=\http://twitter.com/#!/download/ipad\"" rel=\""nofollow\"">Twitter for iPad</a>""",proEUalways,2,TRUE,FALSE,NA,NA,1,54.96026711,-1.557473011,10/01/2020,11/01/2020,Labour,,
RT @JMOWright: What kind of people elected a government that votes to block the CHILD REFUGEES from being reunited with their families who…,FALSE,0,NA,10/01/2020 03:36,FALSE,NA,1.21548E+18,NA,"<a href=\https://mobile.twitter.com\"" rel=\""nofollow\"">Twitter Web App</a>""",robintudge,2,TRUE,FALSE,NA,NA,1,54.96026711,-1.557473011,10/01/2020,11/01/2020,Labour,,
"Here's a question to ask
If klopp doesn't have settled status, how long until he gets deported?
#bbcqt #Brexit… https://t.co/9fEnwAytxx",FALSE,2,NA,10/01/2020 15:27,TRUE,NA,1.21566E+18,NA,"<a href=\http://twitter.com/download/android\"" rel=\""nofollow\"">Twitter for Android</a>""",neilwalton26,0,FALSE,FALSE,NA,NA,2,52.65997018,-0.126594761,10/01/2020,11/01/2020,Conservative,,
Very sad but if you’re a turkey don’t vote for Christmas. #ProjectYouWereWarned #Brexit https://t.co/CXrqbuNJpX,FALSE,0,NA,10/01/2020 14:25,FALSE,NA,1.21564E+18,NA,"<a href=\http://twitter.com/download/iphone\"" rel=\""nofollow\"">Twitter for iPhone</a>""",DeepingRed,0,FALSE,FALSE,NA,NA,2,52.65997018,-0.126594761,10/01/2020,11/01/2020,Conservative,,
The British economy now 3% smaller than it could have been had we stayed in the EU. <U+0001F61E> #Brexit https://t.co/LLleQexO9L,FALSE,2,NA,10/01/2020 13:45,FALSE,NA,1.21563E+18,NA,"<a href=\http://twitter.com/download/android\"" rel=\""nofollow\"">Twitter for Android</a>""",stevenphillips7,0,FALSE,FALSE,NA,NA,2,51.06688679,-0.842847976,10/01/2020,11/01/2020,Conservative,,
"RT @lomo_linguist: Learning foreign #languages should be compulsory, says report just one day after <U+2066>@HouseofCommons<U+2069> votes not to try and…",FALSE,0,NA,10/01/2020 14:44,FALSE,NA,1.21565E+18,NA,"<a href=\http://twitter.com/download/iphone\"" rel=\""nofollow\"">Twitter for iPhone</a>""",ClarkieGB7,4,TRUE,FALSE,NA,NA,2,51.79906139,-2.114644426,10/01/2020,11/01/2020,Conservative,,
RT @DawnWestgate: @farming_sos &amp; farmers out there your thoughts on this? More tosh or worth a candle? #farming #supportourfarmers #Brexit…,FALSE,0,NA,10/01/2020 12:08,FALSE,NA,1.21561E+18,NA,"<a href=\https://mkulima.tech\"" rel=\""nofollow\"">farming_</a>""",farming_,1,TRUE,FALSE,NA,NA,2,51.79906139,-2.114644426,10/01/2020,11/01/2020,Conservative,,
"Nobody can top Stuart Lee on #Brexit #BrexitShambles 

https://t.co/XUIAOytytx",FALSE,0,NA,10/01/2020 12:08,FALSE,NA,1.21561E+18,NA,"<a href=\https://mobile.twitter.com\"" rel=\""nofollow\"">Twitter Web App</a>""",RodgerGodberd,0,FALSE,FALSE,NA,NA,2,51.79906139,-2.114644426,10/01/2020,11/01/2020,Conservative,,
"With the property market set to bounce back in 2020, there has never been a better time to pursue a career in the s… https://t.co/zoKeyVoUD8",FALSE,0,NA,10/01/2020 12:00,TRUE,NA,1.2156E+18,NA,"<a href=\https://www.loomly.com/\"" rel=\""nofollow\"">Loomly</a>""",GeckoSearch,0,FALSE,FALSE,NA,NA,2,51.79906139,-2.114644426,10/01/2020,11/01/2020,Conservative,,
@farming_sos &amp; farmers out there your thoughts on this? More tosh or worth a candle? #farming #supportourfarmers… https://t.co/w3RDfWt0Yc,FALSE,0,NA,10/01/2020 11:55,TRUE,NA,1.2156E+18,NA,"<a href=\http://twitter.com/download/iphone\"" rel=\""nofollow\"">Twitter for iPhone</a>""",DawnWestgate,1,FALSE,FALSE,NA,NA,2,51.79906139,-2.114644426,10/01/2020,11/01/2020,Conservative,,
"RT @lomo_linguist: Learning foreign #languages should be compulsory, says report just one day after <U+2066>@HouseofCommons<U+2069> votes not to try and…",FALSE,0,NA,10/01/2020 07:55,FALSE,NA,1.21554E+18,NA,"<a href=\http://twitter.com/download/iphone\"" rel=\""nofollow\"">Twitter for iPhone</a>""",CvPsdoubledutch,4,TRUE,FALSE,NA,NA,2,51.79906139,-2.114644426,10/01/2020,11/01/2020,Conservative,,
"RT @lomo_linguist: Learning foreign #languages should be compulsory, says report just one day after <U+2066>@HouseofCommons<U+2069> votes not to try and…",FALSE,0,NA,10/01/2020 06:59,FALSE,NA,1.21553E+18,NA,"<a href=\https://mobile.twitter.com\"" rel=\""nofollow\"">Twitter Web App</a>""",Lingotrans,4,TRUE,FALSE,NA,NA,2,51.79906139,-2.114644426,10/01/2020,11/01/2020,Conservative,,
"Don't forget: After #Brexit, there will be no more fresh air, because that's all imported from Europe. We will all… https://t.co/2efrKZO2le",FALSE,0,NA,10/01/2020 19:27,TRUE,NA,1.21572E+18,NA,"<a href=\https://mobile.twitter.com\"" rel=\""nofollow\"">Twitter Web App</a>""",SimonFoxWriter,0,FALSE,FALSE,NA,NA,2,53.22525912,-0.495118436,10/01/2020,11/01/2020,Conservative,,
RT @matti_colley: Education shouldn't be a pawn in the #Brexit negotiations: sign the @ScramNews petition to keep up the pressure on the go…,FALSE,0,NA,10/01/2020 15:41,FALSE,NA,1.21566E+18,NA,"<a href=\https://mobile.twitter.com\"" rel=\""nofollow\"">Twitter Web App</a>""",ScramNews,1,TRUE,FALSE,NA,NA,2,53.22525912,-0.495118436,10/01/2020,11/01/2020,Conservative,,
Education shouldn't be a pawn in the #Brexit negotiations: sign the @ScramNews petition to keep up the pressure on… https://t.co/KGDp71jm1H,FALSE,1,NA,10/01/2020 15:41,TRUE,NA,1.21566E+18,NA,"<a href=\http://twitter.com\"" rel=\""nofollow\"">Twitter Web Client</a>""",matti_colley,1,FALSE,FALSE,NA,NA,2,53.22525912,-0.495118436,10/01/2020,11/01/2020,Conservative,,
"I voted for #Brexit and I have no time at all for #Woke-ness. But I also think #GlobalWarming is REAL, and I think… https://t.co/8dY7uyaMy0",FALSE,0,NA,10/01/2020 11:15,TRUE,NA,1.21559E+18,NA,"<a href=\https://mobile.twitter.com\"" rel=\""nofollow\"">Twitter Web App</a>""",SimonFoxWriter,0,FALSE,FALSE,NA,NA,2,53.22525912,-0.495118436,10/01/2020,11/01/2020,Conservative,,
From 1 year ago! How People with a lot to lose tried (and failed) to stop #Brexit Captains of industry and commerce… https://t.co/wVJI9SqOog,FALSE,0,NA,10/01/2020 10:21,TRUE,NA,1.21558E+18,NA,"<a href=\http://twitter.com/download/android\"" rel=\""nofollow\"">Twitter for Android</a>""",alg_author,0,FALSE,FALSE,NA,NA,2,53.22525912,-0.495118436,10/01/2020,11/01/2020,Conservative,,
RT @roddytherobot: @Germans4Brexit @rozhubley Just think 28 Independent European Nations coming together in a free trade area with no loss…,FALSE,0,NA,10/01/2020 23:01,FALSE,NA,1.21577E+18,NA,"<a href=\http://twitter.com/download/android\"" rel=\""nofollow\"">Twitter for Android</a>""",KnittingMumWood,24,TRUE,FALSE,NA,NA,2,52.36121293,-0.727037827,10/01/2020,11/01/2020,Conservative,,
RT @roddytherobot: @Germans4Brexit @rozhubley Just think 28 Independent European Nations coming together in a free trade area with no loss…,FALSE,0,NA,10/01/2020 23:00,FALSE,NA,1.21577E+18,NA,"<a href=\http://twitter.com/download/iphone\"" rel=\""nofollow\"">Twitter for iPhone</a>""",BrunoHoutenfaus,24,TRUE,FALSE,NA,NA,2,52.36121293,-0.727037827,10/01/2020,11/01/2020,Conservative,,
RT @roddytherobot: @Germans4Brexit @rozhubley Just think 28 Independent European Nations coming together in a free trade area with no loss…,FALSE,0,NA,10/01/2020 22:31,FALSE,NA,1.21576E+18,NA,"<a href=\https://mobile.twitter.com\"" rel=\""nofollow\"">Twitter Web App</a>""",rozhubley,24,TRUE,FALSE,NA,NA,2,52.36121293,-0.727037827,10/01/2020,11/01/2020,Conservative,,
@Germans4Brexit @rozhubley Just think 28 Independent European Nations coming together in a free trade area with no… https://t.co/5BGzbaZPzg,FALSE,130,Germans4Brexit,10/01/2020 22:30,TRUE,1.21576E+18,1.21576E+18,7.3916E+17,"<a href=\https://mobile.twitter.com\"" rel=\""nofollow\"">Twitter Web App</a>""",roddytherobot,24,FALSE,FALSE,NA,NA,2,52.36121293,-0.727037827,10/01/2020,11/01/2020,Conservative,,
"@BrexitHome @steven_winstone The UNELECTED House of Lords complaining about democracy and lack of transparency.
Gue… https://t.co/5ileRTon9B",FALSE,0,BrexitHome,10/01/2020 22:25,TRUE,1.21559E+18,1.21576E+18,522634225,"<a href=\https://mobile.twitter.com\"" rel=\""nofollow\"">Twitter Web App</a>""",roddytherobot,0,FALSE,FALSE,NA,NA,2,52.36121293,-0.727037827,10/01/2020,11/01/2020,Conservative,,
Apparently Sainsbury’s has no Ibuprofen in stock due to #brexit Who voted for that?? <U+0001F937><U+0001F3FC><U+200D><U+2640><U+FE0F><U+0001F644> #letsblameBoris,FALSE,0,NA,10/01/2020 20:41,FALSE,NA,1.21574E+18,NA,"<a href=\http://twitter.com/download/iphone\"" rel=\""nofollow\"">Twitter for iPhone</a>""",nicsdann,0,FALSE,FALSE,NA,NA,2,52.36121293,-0.727037827,10/01/2020,11/01/2020,Conservative,,
Planning an anti #Brexit Pro #EU #party? We have #bunting for that! #FBPE #Remain #remainers https://t.co/pvPmtMqSww https://t.co/DAuYjqQrq3,FALSE,0,NA,10/01/2020 14:29,FALSE,NA,1.21564E+18,NA,"<a href=\https://buffer.com\"" rel=\""nofollow\"">Buffer</a>""",KreativeBunting,0,FALSE,FALSE,NA,NA,2,52.36121293,-0.727037827,10/01/2020,11/01/2020,Conservative,,
RT @KreativeBunting: #Planning a #Brexit #LeaveEU #party when the #UK officially leaves the #EU on 31st January? We have #bunting for that!…,FALSE,0,NA,10/01/2020 11:32,FALSE,NA,1.2156E+18,NA,"<a href=\https://mobile.twitter.com\"" rel=\""nofollow\"">Twitter Web App</a>""",paulharrymassey,1,TRUE,FALSE,NA,NA,2,52.36121293,-0.727037827,10/01/2020,11/01/2020,Conservative,,
#Planning a #Brexit #LeaveEU #party when the #UK officially leaves the #EU on 31st January? We have #bunting for th… https://t.co/XC4EFSzRrZ,FALSE,0,NA,10/01/2020 11:00,TRUE,NA,1.21559E+18,NA,"<a href=\https://buffer.com\"" rel=\""nofollow\"">Buffer</a>""",KreativeBunting,1,FALSE,FALSE,NA,NA,2,52.36121293,-0.727037827,10/01/2020,11/01/2020,Conservative,,
"#Brexit 
MPs have given their final backing to the Withdrawal Agreement Bill.

#BrexitBill #Government #Parliament… https://t.co/F8PctFiZ6E",FALSE,4,NA,10/01/2020 07:55,TRUE,NA,1.21554E+18,NA,"<a href=\http://twitter.com/download/android\"" rel=\""nofollow\"">Twitter for Android</a>""",TheBwa,1,FALSE,FALSE,NA,NA,2,52.36121293,-0.727037827,10/01/2020,11/01/2020,Conservative,,
Success. Anothe #Brexit numpty who cannot and will not answer simple questions. But tells those that voted remain t… https://t.co/NjeetZwj01,FALSE,0,NA,10/01/2020 21:16,TRUE,NA,1.21574E+18,NA,"<a href=\http://twitter.com/download/iphone\"" rel=\""nofollow\"">Twitter for iPhone</a>""",Rusty_Rascal,0,FALSE,FALSE,NA,NA,2,50.9915184,-1.936575494,10/01/2020,11/01/2020,Conservative,,
Another benefit of #Brexit we lose this type of protection in 2020 woohoo! https://t.co/TYRaW15wrZ,FALSE,0,NA,10/01/2020 19:41,FALSE,NA,1.21572E+18,NA,"<a href=\http://twitter.com/download/iphone\"" rel=\""nofollow\"">Twitter for iPhone</a>""",Rusty_Rascal,0,FALSE,FALSE,NA,NA,2,50.9915184,-1.936575494,10/01/2020,11/01/2020,Conservative,,
RT @julesmchamish: Great thread by @JohnGPeet about what lies ahead in the coming year with #Brexit. PM’s majority &amp; refusal to extend tran…,FALSE,0,NA,10/01/2020 18:19,FALSE,NA,1.2157E+18,NA,"<a href=\https://mobile.twitter.com\"" rel=\""nofollow\"">Twitter Web App</a>""",ThornieKate,1,TRUE,FALSE,NA,NA,2,50.9915184,-1.936575494,10/01/2020,11/01/2020,Conservative,,
Great thread by @JohnGPeet about what lies ahead in the coming year with #Brexit. PM’s majority &amp; refusal to extend… https://t.co/fSS9HnjdfM,FALSE,2,NA,10/01/2020 18:18,TRUE,NA,1.2157E+18,NA,"<a href=\http://twitter.com/download/iphone\"" rel=\""nofollow\"">Twitter for iPhone</a>""",julesmchamish,1,FALSE,FALSE,NA,NA,2,50.9915184,-1.936575494,10/01/2020,11/01/2020,Conservative,,
@MarkSmithHigham @DrSimonAshworth We supply online companies and traditional retailers and there was a decline in b… https://t.co/nYflrUK5db,FALSE,1,MarkSmithHigham,10/01/2020 14:37,TRUE,1.21539E+18,1.21564E+18,8.70018E+17,"<a href=\http://twitter.com/download/iphone\"" rel=\""nofollow\"">Twitter for iPhone</a>""",jammysaint1,0,FALSE,FALSE,NA,NA,2,50.9915184,-1.936575494,10/01/2020,11/01/2020,Conservative,,
"@RichardBentall Jeeeeeez! Chill pill required URGENTLY <U+0001F92D>

#Brexit 
#Democracy #LeaveMeansLeave #17Million… https://t.co/7Zfe1V9Erz",FALSE,0,RichardBentall,10/01/2020 09:08,TRUE,1.21521E+18,1.21556E+18,1686105852,"<a href=\http://twitter.com/download/android\"" rel=\""nofollow\"">Twitter for Android</a>""",petepetit,0,FALSE,FALSE,NA,NA,2,50.9915184,-1.936575494,10/01/2020,11/01/2020,Conservative,,
"#BongForBrexit <U+0001F44D>
#RetweeetPlease fellow #Brexiteers <U+0001F60A><U+0001F1EC><U+0001F1E7><U+0001F44D>

#Brexit 
#Democracy #LeaveMeansLeave #17Million… https://t.co/r5wHWKKdp2",FALSE,1,NA,10/01/2020 09:00,TRUE,NA,1.21556E+18,NA,"<a href=\http://twitter.com/download/android\"" rel=\""nofollow\"">Twitter for Android</a>""",petepetit,0,FALSE,FALSE,NA,NA,2,50.9915184,-1.936575494,10/01/2020,11/01/2020,Conservative,,
"RT @York4EU: Really excited - just to prove to all you doubters out there, the #Brexit Unicorn exists and ours has arrived with three weeks…",FALSE,0,NA,10/01/2020 23:39,FALSE,NA,1.21578E+18,NA,"<a href=\http://twitter.com/download/android\"" rel=\""nofollow\"">Twitter for Android</a>""",velvetsilk,2,TRUE,FALSE,NA,NA,2,54.15097002,-1.05444152,10/01/2020,11/01/2020,Conservative,,
"Really excited - just to prove to all you doubters out there, the #Brexit Unicorn exists and ours has arrived with… https://t.co/NR9dnhF7UD",FALSE,9,NA,10/01/2020 23:35,TRUE,NA,1.21578E+18,NA,"<a href=\http://twitter.com/download/android\"" rel=\""nofollow\"">Twitter for Android</a>""",York4EU,2,FALSE,FALSE,NA,NA,2,54.15097002,-1.05444152,10/01/2020,11/01/2020,Conservative,,
@ianhowes1970 @DoctorPete I worry we'll *all* be Trump-ton after #Brexit...,FALSE,1,ianhowes1970,10/01/2020 19:26,FALSE,1.21563E+18,1.21572E+18,608658696,"<a href=\http://twitter.com\"" rel=\""nofollow\"">Twitter Web Client</a>""",CandiSpillard,0,FALSE,FALSE,NA,NA,2,54.15097002,-1.05444152,10/01/2020,11/01/2020,Conservative,,
RT @BD_Stew: #EU warns refusal to give access to UK #fishing waters after #Brexit could lead to new cod war (apparently) https://t.co/mqR2r…,FALSE,0,NA,10/01/2020 16:03,FALSE,NA,1.21567E+18,NA,"<a href=\http://twitter.com/download/android\"" rel=\""nofollow\"">Twitter for Android</a>""",recentlyvacated,5,TRUE,FALSE,NA,NA,2,54.15097002,-1.05444152,10/01/2020,11/01/2020,Conservative,,
RT @BD_Stew: #EU warns refusal to give access to UK #fishing waters after #Brexit could lead to new cod war (apparently) https://t.co/mqR2r…,FALSE,0,NA,10/01/2020 16:03,FALSE,NA,1.21567E+18,NA,"<a href=\http://twitter.com/download/iphone\"" rel=\""nofollow\"">Twitter for iPhone</a>""",Nephropseu,5,TRUE,FALSE,NA,NA,2,54.15097002,-1.05444152,10/01/2020,11/01/2020,Conservative,,
RT @WendaField: A new year but seemingly the same concerns expressed by advisory firms for 2020 - #regulation &amp; #Brexit via an @IntellifloL…,FALSE,0,NA,10/01/2020 15:53,FALSE,NA,1.21566E+18,NA,"<a href=\http://twitter.com/download/iphone\"" rel=\""nofollow\"">Twitter for iPhone</a>""",JournoSonia,5,TRUE,FALSE,NA,NA,2,54.15097002,-1.05444152,10/01/2020,11/01/2020,Conservative,,
RT @BD_Stew: #EU warns refusal to give access to UK #fishing waters after #Brexit could lead to new cod war (apparently) https://t.co/mqR2r…,FALSE,0,NA,10/01/2020 15:43,FALSE,NA,1.21566E+18,NA,"<a href=\https://www.ben-sad@blogspot.com\"" rel=\""nofollow\"">Fishing Tweets</a>""",dailyfishingBot,5,TRUE,FALSE,NA,NA,2,54.15097002,-1.05444152,10/01/2020,11/01/2020,Conservative,,
RT @BD_Stew: #EU warns refusal to give access to UK #fishing waters after #Brexit could lead to new cod war (apparently) https://t.co/mqR2r…,FALSE,0,NA,10/01/2020 15:43,FALSE,NA,1.21566E+18,NA,"<a href=\http://twitter.com/download/iphone\"" rel=\""nofollow\"">Twitter for iPhone</a>""",Giveitago1,5,TRUE,FALSE,NA,NA,2,54.15097002,-1.05444152,10/01/2020,11/01/2020,Conservative,,
#EU warns refusal to give access to UK #fishing waters after #Brexit could lead to new cod war (apparently)… https://t.co/wZHwFd0nsC,FALSE,8,NA,10/01/2020 15:40,TRUE,NA,1.21566E+18,NA,"<a href=\https://mobile.twitter.com\"" rel=\""nofollow\"">Twitter Web App</a>""",BD_Stew,5,FALSE,FALSE,NA,NA,2,54.15097002,-1.05444152,10/01/2020,11/01/2020,Conservative,,
@Paulscriven Is there anyone keeping a tally of these #Brexit dividends?,FALSE,0,Paulscriven,10/01/2020 14:34,FALSE,1.21534E+18,1.21564E+18,53106913,"<a href=\http://twitter.com/download/android\"" rel=\""nofollow\"">Twitter for Android</a>""",fhithich,0,FALSE,FALSE,NA,NA,2,54.15097002,-1.05444152,10/01/2020,11/01/2020,Conservative,,
"@moonbeamspoetry @hangtenstories This is #Brexit, isn't it?",FALSE,0,moonbeamspoetry,10/01/2020 11:41,FALSE,1.21553E+18,1.2156E+18,1.21007E+18,"<a href=\http://twitter.com\"" rel=\""nofollow\"">Twitter Web Client</a>""",CandiSpillard,0,FALSE,FALSE,NA,NA,2,54.15097002,-1.05444152,10/01/2020,11/01/2020,Conservative,,
Great but sad analysis by @chrisgreybrexit: #Brexit \was a vote against something, EU membership," without being a v… https://t.co/C3a06c716z""",FALSE,0,NA,10/01/2020 10:17,TRUE,NA,1.21558E+18,NA,"<a href=\https://mobile.twitter.com\"" rel=\""nofollow\"">Twitter Web App</a>""",wolffrf,0,NA,NA,54.15097002,FALSE,FALSE,-1.05444152,2,10/01/2020,11/01/2020,Conservative
It would be good if someone could set up a website where these #Brexit dividends could be listed. https://t.co/eioMV0UKHk,FALSE,0,NA,10/01/2020 08:03,FALSE,NA,1.21554E+18,NA,"<a href=\http://twitter.com/download/android\"" rel=\""nofollow\"">Twitter for Android</a>""",fhithich,0,FALSE,FALSE,NA,NA,2,54.15097002,-1.05444152,10/01/2020,11/01/2020,Conservative,,
So #PrinceHarryAndMeghan don’t want to live in #Brexit Britain.  I can’t think why?  #racism #BorisJohnson,FALSE,0,NA,10/01/2020 06:56,FALSE,NA,1.21553E+18,NA,"<a href=\http://twitter.com/download/iphone\"" rel=\""nofollow\"">Twitter for iPhone</a>""",bowgettd,0,FALSE,FALSE,NA,NA,2,54.15097002,-1.05444152,10/01/2020,11/01/2020,Conservative,,
RT @WendaField: A new year but seemingly the same concerns expressed by advisory firms for 2020 - #regulation &amp; #Brexit via an @IntellifloL…,FALSE,0,NA,10/01/2020 03:13,FALSE,NA,1.21547E+18,NA,"<a href=\https://abdirahiimyassin.weebly.com\"" rel=\""nofollow\"">Cyber Security Feed</a>""",cybersec_feeds,5,TRUE,FALSE,NA,NA,2,54.15097002,-1.05444152,10/01/2020,11/01/2020,Conservative,,
RT @fedupofnumpties: Hi unionist #remainers in Scotland. just wondering if your protest vote to try &amp; stop #Brexit was worth it?  Was this…,FALSE,0,NA,10/01/2020 15:55,FALSE,NA,1.21566E+18,NA,"<a href=\http://twitter.com/download/iphone\"" rel=\""nofollow\"">Twitter for iPhone</a>""",TheMistressRox,4,TRUE,FALSE,NA,NA,2,55.1925713,-3.688306404,10/01/2020,11/01/2020,Conservative,,
RT @fedupofnumpties: Hi unionist #remainers in Scotland. just wondering if your protest vote to try &amp; stop #Brexit was worth it?  Was this…,FALSE,0,NA,10/01/2020 15:51,FALSE,NA,1.21566E+18,NA,"<a href=\http://twitter.com/download/android\"" rel=\""nofollow\"">Twitter for Android</a>""",Jacamo44031085,4,TRUE,FALSE,NA,NA,2,55.1925713,-3.688306404,10/01/2020,11/01/2020,Conservative,,
"Sussexes leaving due to brexit?They are escaping a misogynist, unkind, racist, nationalist, backward thinking and i… https://t.co/DRpd0RhfH6",FALSE,2,NA,10/01/2020 10:43,TRUE,NA,1.21559E+18,NA,"<a href=\http://twitter.com/download/android\"" rel=\""nofollow\"">Twitter for Android</a>""",progfairy,0,FALSE,FALSE,NA,NA,3,51.43340937,-0.307130183,10/01/2020,11/01/2020,Liberal Democrats,,
"RT @SophieLWright: 'In January 2020, Brexit has apparently been “done” or, at least it will be by 01 February. But what then?'
https://t.co…",FALSE,0,NA,10/01/2020 08:57,FALSE,NA,1.21556E+18,NA,"<a href=\https://mobile.twitter.com\"" rel=\""nofollow\"">Twitter Web App</a>""",Social445,2,TRUE,FALSE,NA,NA,3,51.43340937,-0.307130183,10/01/2020,11/01/2020,Liberal Democrats,,
"RT @SophieLWright: 'In January 2020, Brexit has apparently been “done” or, at least it will be by 01 February. But what then?'
https://t.co…",FALSE,0,NA,10/01/2020 08:53,FALSE,NA,1.21556E+18,NA,"<a href=\https://mobile.twitter.com\"" rel=\""nofollow\"">Twitter Web App</a>""",LinkedInLeadsUK,2,TRUE,FALSE,NA,NA,3,51.43340937,-0.307130183,10/01/2020,11/01/2020,Liberal Democrats,,
"'In January 2020, Brexit has apparently been “done” or, at least it will be by 01 February. But what then?'… https://t.co/VnwyWCK5HB",FALSE,1,NA,10/01/2020 08:47,TRUE,NA,1.21556E+18,NA,"<a href=\https://buffer.com\"" rel=\""nofollow\"">Buffer</a>""",SophieLWright,2,FALSE,FALSE,NA,NA,3,51.43340937,-0.307130183,10/01/2020,11/01/2020,Liberal Democrats,,
"RT @GlasgowlovesEu: Dan Hanson, U.K. economist for Bloomberg Economics, puts the total cost of Brexit by the end of 2020 at 200 billion pou…",FALSE,0,NA,10/01/2020 23:20,FALSE,NA,1.21578E+18,NA,"<a href=\http://twitter.com/#!/download/ipad\"" rel=\""nofollow\"">Twitter for iPad</a>""",ChildOfAlba,13,TRUE,FALSE,NA,NA,4,55.87037076,-4.257636401,10/01/2020,11/01/2020,Scottish National,,
"RT @GlasgowlovesEu: Dan Hanson, U.K. economist for Bloomberg Economics, puts the total cost of Brexit by the end of 2020 at 200 billion pou…",FALSE,0,NA,10/01/2020 23:06,FALSE,NA,1.21577E+18,NA,"<a href=\https://mobile.twitter.com\"" rel=\""nofollow\"">Twitter Web App</a>""",heather63262308,13,TRUE,FALSE,NA,NA,4,55.87037076,-4.257636401,10/01/2020,11/01/2020,Scottish National,,
People are saying EU patients &amp; citizens are worried after #BREXIT @NicolaSturgeon destroying link Scottish &amp; Engli… https://t.co/vC0WSC39FA,FALSE,1,NA,10/01/2020 22:59,TRUE,NA,1.21577E+18,NA,"<a href=\https://mobile.twitter.com\"" rel=\""nofollow\"">Twitter Web App</a>""",CocozzaDionne,0,FALSE,FALSE,NA,NA,4,55.87037076,-4.257636401,10/01/2020,11/01/2020,Scottish National,,
"RT @GlasgowlovesEu: Dan Hanson, U.K. economist for Bloomberg Economics, puts the total cost of Brexit by the end of 2020 at 200 billion pou…",FALSE,0,NA,10/01/2020 22:48,FALSE,NA,1.21577E+18,NA,"<a href=\http://twitter.com/#!/download/ipad\"" rel=\""nofollow\"">Twitter for iPad</a>""",MaureenPickeri5,13,TRUE,FALSE,NA,NA,4,55.87037076,-4.257636401,10/01/2020,11/01/2020,Scottish National,,
"Dan Hanson, U.K. economist for Bloomberg Economics, puts the total cost of Brexit by the end of 2020 at 200 billion… https://t.co/ILa7b6dGxg",FALSE,11,NA,10/01/2020 22:36,TRUE,NA,1.21576E+18,NA,"<a href=\http://twitter.com/download/iphone\"" rel=\""nofollow\"">Twitter for iPhone</a>""",GlasgowlovesEu,13,FALSE,FALSE,NA,NA,4,55.87037076,-4.257636401,10/01/2020,11/01/2020,Scottish National,,
"not just for Scotland and Ireland bu…""",FALSE,0,NA,10/01/2020 21:09,FALSE,NA,1.21574E+18,NA,"<a href=\http://twitter.com/download/android\"" rel=\""nofollow\"">Twitter for Android</a>""",paterjack,4,TRUE,FALSE,NA,NA,4,55.87037076,-4.257636401,10/01/2020,11/01/2020,Scottish National,,
RT @DavidPaisley: I suppose on the plus side #Brexit &amp; #Megxit have made it super easy to spot all the racists. https://t.co/m5lMfomgZ7,FALSE,0,NA,10/01/2020 20:51,FALSE,NA,1.21574E+18,NA,"<a href=\https://mobile.twitter.com\"" rel=\""nofollow\"">Twitter Web App</a>""",MSharmaBarrow1,21,TRUE,FALSE,NA,NA,4,55.87037076,-4.257636401,10/01/2020,11/01/2020,Scottish National,,
"And they are very coy about impact of delays &amp; £ devaluation since #Brexit vote on lifetime cost of #Trident

£220… https://t.co/wz292qH4nM",FALSE,2,NA,10/01/2020 19:54,TRUE,NA,1.21572E+18,NA,"<a href=\http://twitter.com/download/android\"" rel=\""nofollow\"">Twitter for Android</a>""",ron_dickinson,4,FALSE,FALSE,NA,NA,4,55.87037076,-4.257636401,10/01/2020,11/01/2020,Scottish National,,
RT @DavidPaisley: I suppose on the plus side #Brexit &amp; #Megxit have made it super easy to spot all the racists. https://t.co/m5lMfomgZ7,FALSE,0,NA,10/01/2020 19:48,FALSE,NA,1.21572E+18,NA,"<a href=\http://twitter.com/download/android\"" rel=\""nofollow\"">Twitter for Android</a>""",IndianaBonezz,21,TRUE,FALSE,NA,NA,4,55.87037076,-4.257636401,10/01/2020,11/01/2020,Scottish National,,
"not just for Scotland and Ireland bu…""",FALSE,0,NA,10/01/2020 19:46,FALSE,NA,1.21572E+18,NA,"<a href=\http://twitter.com/download/android\"" rel=\""nofollow\"">Twitter for Android</a>""",susanbell1508,4,TRUE,FALSE,NA,NA,4,55.87037076,-4.257636401,10/01/2020,11/01/2020,Scottish National,,
"not just for Scotland and Ir… https://t.co/S3kL5qAcCw""",FALSE,3,NA,10/01/2020 19:43,TRUE,NA,1.21572E+18,NA,"<a href=\http://twitter.com/download/android\"" rel=\""nofollow\"">Twitter for Android</a>""",IndyLassie,4,FALSE,FALSE,NA,NA,4,55.87037076,-4.257636401,10/01/2020,11/01/2020,Scottish National,,
"No need to remind @NicolaSturgeon of her duty to promote Scotland's prosperity

That won't happen as an afterthough… https://t.co/MUuPklU3Y9",FALSE,2,NA,10/01/2020 18:59,TRUE,NA,1.21571E+18,NA,"<a href=\http://twitter.com/download/android\"" rel=\""nofollow\"">Twitter for Android</a>""",ron_dickinson,3,FALSE,FALSE,NA,NA,4,55.87037076,-4.257636401,10/01/2020,11/01/2020,Scottish National,,
"RT @Eddie_of_the_UK: @Drew56747290 @AintSnp @MoragHamilton10 We #Brexit at 12pm CET, It needs to be 10.55pm GMT at Boot House.",FALSE,0,NA,10/01/2020 18:54,FALSE,NA,1.21571E+18,NA,"<a href=\https://mobile.twitter.com\"" rel=\""nofollow\"">Twitter Web App</a>""",AintSnp,1,TRUE,FALSE,NA,NA,4,55.87037076,-4.257636401,10/01/2020,11/01/2020,Scottish National,,
"@Drew56747290 @AintSnp @MoragHamilton10 We #Brexit at 12pm CET, It needs to be 10.55pm GMT at Boot House.",FALSE,4,Drew56747290,10/01/2020 17:36,FALSE,1.21567E+18,1.21569E+18,1.15079E+18,"<a href=\https://mobile.twitter.com\"" rel=\""nofollow\"">Twitter Web App</a>""",Eddie_of_the_UK,1,FALSE,FALSE,NA,NA,4,55.87037076,-4.257636401,10/01/2020,11/01/2020,Scottish National,,
RT @DavidPaisley: I suppose on the plus side #Brexit &amp; #Megxit have made it super easy to spot all the racists. https://t.co/m5lMfomgZ7,FALSE,0,NA,10/01/2020 17:35,FALSE,NA,1.21569E+18,NA,"<a href=\http://twitter.com/download/android\"" rel=\""nofollow\"">Twitter for Android</a>""",wemblystiggs,21,TRUE,FALSE,NA,NA,4,55.87037076,-4.257636401,10/01/2020,11/01/2020,Scottish National,,
@SCJohnston #Brexit not getting the blame for #Mexit and #Hexit?  I'll wait until the Far Left BBC do their report on it.,FALSE,1,SCJohnston,10/01/2020 17:34,FALSE,1.21569E+18,1.21569E+18,8.60543E+17,"<a href=\https://mobile.twitter.com\"" rel=\""nofollow\"">Twitter Web App</a>""",Eddie_of_the_UK,0,FALSE,FALSE,NA,NA,4,55.87037076,-4.257636401,10/01/2020,11/01/2020,Scottish National,,
RT @Eddie_of_the_UK: @moo2n @maymargie200 @Anthony_M_Kelly @snb19692 @SODEMAction @vonderleyen Yet the 2017 GE returned partys committed to…,FALSE,0,NA,10/01/2020 17:16,FALSE,NA,1.21568E+18,NA,"<a href=\http://twitter.com/download/android\"" rel=\""nofollow\"">Twitter for Android</a>""",roncufley,1,TRUE,FALSE,NA,NA,4,55.87037076,-4.257636401,10/01/2020,11/01/2020,Scottish National,,
"Cecelia is worried about getting French Tarts after #Brexit.  
She tut tutted my suggestion of Greggs as too workin… https://t.co/tEtrogkABY",FALSE,2,NA,10/01/2020 17:16,TRUE,NA,1.21568E+18,NA,"<a href=\https://mobile.twitter.com\"" rel=\""nofollow\"">Twitter Web App</a>""",Eddie_of_the_UK,0,FALSE,FALSE,NA,NA,4,55.87037076,-4.257636401,10/01/2020,11/01/2020,Scottish National,,
RT @DavidPaisley: I suppose on the plus side #Brexit &amp; #Megxit have made it super easy to spot all the racists. https://t.co/m5lMfomgZ7,FALSE,0,NA,10/01/2020 15:46,FALSE,NA,1.21566E+18,NA,"<a href=\http://twitter.com/download/android\"" rel=\""nofollow\"">Twitter for Android</a>""",dez_bond,21,TRUE,FALSE,NA,NA,4,55.87037076,-4.257636401,10/01/2020,11/01/2020,Scottish National,,
RT @DavidPaisley: I suppose on the plus side #Brexit &amp; #Megxit have made it super easy to spot all the racists. https://t.co/m5lMfomgZ7,FALSE,0,NA,10/01/2020 15:04,FALSE,NA,1.21565E+18,NA,"<a href=\http://twitter.com/download/iphone\"" rel=\""nofollow\"">Twitter for iPhone</a>""",vjanddeadpool,21,TRUE,FALSE,NA,NA,4,55.87037076,-4.257636401,10/01/2020,11/01/2020,Scottish National,,
RT @DavidPaisley: I suppose on the plus side #Brexit &amp; #Megxit have made it super easy to spot all the racists. https://t.co/m5lMfomgZ7,FALSE,0,NA,10/01/2020 14:51,FALSE,NA,1.21565E+18,NA,"<a href=\http://twitter.com/download/iphone\"" rel=\""nofollow\"">Twitter for iPhone</a>""",benaroper,21,TRUE,FALSE,NA,NA,4,55.87037076,-4.257636401,10/01/2020,11/01/2020,Scottish National,,
I suppose on the plus side #Brexit &amp; #Megxit have made it super easy to spot all the racists. https://t.co/m5lMfomgZ7,FALSE,285,NA,10/01/2020 14:05,FALSE,NA,1.21564E+18,NA,"<a href=\http://twitter.com/download/android\"" rel=\""nofollow\"">Twitter for Android</a>""",DavidPaisley,21,FALSE,FALSE,NA,NA,4,55.87037076,-4.257636401,10/01/2020,11/01/2020,Scottish National,,
Members @JanieNicoll &amp; @Schism_Schasm were interviewed by Euro channel @artetvfr_live about the impact #Brexit will… https://t.co/QxUK5jFCQs,FALSE,5,NA,10/01/2020 13:56,TRUE,NA,1.21563E+18,NA,"<a href=\http://twitter.com/download/iphone\"" rel=\""nofollow\"">Twitter for iPhone</a>""",SCOArtistsUnion,1,FALSE,FALSE,NA,NA,4,55.87037076,-4.257636401,10/01/2020,11/01/2020,Scottish National,,
RT @ianmcconnellHT: My column @heraldscotland : Death knell more fitting than celebratory #Brexit bell as arch-Leavers delight in their sad…,FALSE,0,NA,10/01/2020 13:41,FALSE,NA,1.21563E+18,NA,"<a href=\https://mobile.twitter.com\"" rel=\""nofollow\"">Twitter Web App</a>""",mxvasile,8,TRUE,FALSE,NA,NA,4,55.87037076,-4.257636401,10/01/2020,11/01/2020,Scottish National,,
"Big ben should bong for #brexit is the best thing I've heard all day <U+0001F602> the sad fact is this isn't even a joke, an M… https://t.co/sqeef3wZMn",FALSE,1,NA,10/01/2020 12:59,TRUE,NA,1.21562E+18,NA,"<a href=\http://twitter.com/download/android\"" rel=\""nofollow\"">Twitter for Android</a>""",ClaireyHiggs,0,FALSE,FALSE,NA,NA,4,55.87037076,-4.257636401,10/01/2020,11/01/2020,Scottish National,,
RT @ianmcconnellHT: My column @heraldscotland : Death knell more fitting than celebratory #Brexit bell as arch-Leavers delight in their sad…,FALSE,0,NA,10/01/2020 12:33,FALSE,NA,1.21561E+18,NA,"<a href=\https://about.twitter.com/products/tweetdeck\"" rel=\""nofollow\"">TweetDeck</a>""",heraldscotland,8,TRUE,FALSE,NA,NA,4,55.87037076,-4.257636401,10/01/2020,11/01/2020,Scottish National,,
RT @ianmcconnellHT: My column @heraldscotland : Death knell more fitting than celebratory #Brexit bell as arch-Leavers delight in their sad…,FALSE,0,NA,10/01/2020 12:32,FALSE,NA,1.21561E+18,NA,"<a href=\https://about.twitter.com/products/tweetdeck\"" rel=\""nofollow\"">TweetDeck</a>""",_HeraldBusiness,8,TRUE,FALSE,NA,NA,4,55.87037076,-4.257636401,10/01/2020,11/01/2020,Scottish National,,
How many MPs who voted against it also benefited from the Erasmus course? #brexit,FALSE,0,NA,10/01/2020 12:20,FALSE,NA,1.21561E+18,NA,"<a href=\https://mobile.twitter.com\"" rel=\""nofollow\"">Twitter Web App</a>""",ElCapitanC,0,FALSE,FALSE,NA,NA,4,55.87037076,-4.257636401,10/01/2020,11/01/2020,Scottish National,,
@daTARTANSPARTAN @YescafeEdSouth Absolutely spot on. I don't think @scotgov fully appreciate what will happen post… https://t.co/i1dUdtQaPg,FALSE,3,daTARTANSPARTAN,10/01/2020 12:08,TRUE,1.21561E+18,1.21561E+18,1.09102E+18,"<a href=\https://mobile.twitter.com\"" rel=\""nofollow\"">Twitter Web App</a>""",ElCapitanC,0,FALSE,FALSE,NA,NA,4,55.87037076,-4.257636401,10/01/2020,11/01/2020,Scottish National,,
RT @ianmcconnellHT: My column @heraldscotland : Death knell more fitting than celebratory #Brexit bell as arch-Leavers delight in their sad…,FALSE,0,NA,10/01/2020 11:48,FALSE,NA,1.2156E+18,NA,"<a href=\http://twitter.com/download/iphone\"" rel=\""nofollow\"">Twitter for iPhone</a>""",GlaikitGeezer,8,TRUE,FALSE,NA,NA,4,55.87037076,-4.257636401,10/01/2020,11/01/2020,Scottish National,,
Glasgow will remain a proud European City post #brexit but we need to embraceable change and challenges. #SOCE2020,FALSE,3,NA,10/01/2020 10:50,FALSE,NA,1.21559E+18,NA,"<a href=\http://twitter.com/download/iphone\"" rel=\""nofollow\"">Twitter for iPhone</a>""",BronaghHopes,0,FALSE,FALSE,NA,NA,4,55.87037076,-4.257636401,10/01/2020,11/01/2020,Scottish National,,
RT @ianmcconnellHT: My column @heraldscotland : Death knell more fitting than celebratory #Brexit bell as arch-Leavers delight in their sad…,FALSE,0,NA,10/01/2020 10:43,FALSE,NA,1.21558E+18,NA,"<a href=\http://twitter.com/download/iphone\"" rel=\""nofollow\"">Twitter for iPhone</a>""",Kennyaberdeen,8,TRUE,FALSE,NA,NA,4,55.87037076,-4.257636401,10/01/2020,11/01/2020,Scottish National,,
RT @ianmcconnellHT: My column @heraldscotland : Death knell more fitting than celebratory #Brexit bell as arch-Leavers delight in their sad…,FALSE,0,NA,10/01/2020 10:40,FALSE,NA,1.21558E+18,NA,"<a href=\http://twitter.com/#!/download/ipad\"" rel=\""nofollow\"">Twitter for iPad</a>""",CampbellDonny,8,TRUE,FALSE,NA,NA,4,55.87037076,-4.257636401,10/01/2020,11/01/2020,Scottish National,,
@LeeWardMarch @curiousfox__ @DavidWooding In the recent election the party that pledged to Get #Brexit Done won a s… https://t.co/1iPLtHNmiu,FALSE,1,LeeWardMarch,10/01/2020 10:28,TRUE,1.21547E+18,1.21558E+18,8.33128E+17,"<a href=\https://mobile.twitter.com\"" rel=\""nofollow\"">Twitter Web App</a>""",Eddie_of_the_UK,0,FALSE,FALSE,NA,NA,4,55.87037076,-4.257636401,10/01/2020,11/01/2020,Scottish National,,
RT @ianmcconnellHT: My column @heraldscotland : Death knell more fitting than celebratory #Brexit bell as arch-Leavers delight in their sad…,FALSE,0,NA,10/01/2020 10:27,FALSE,NA,1.21558E+18,NA,"<a href=\https://mobile.twitter.com\"" rel=\""nofollow\"">Twitter Web App</a>""",DickWinchester,8,TRUE,FALSE,NA,NA,4,55.87037076,-4.257636401,10/01/2020,11/01/2020,Scottish National,,
My column @heraldscotland : Death knell more fitting than celebratory #Brexit bell as arch-Leavers delight in their… https://t.co/i771Y6WPMz,FALSE,13,NA,10/01/2020 10:22,TRUE,NA,1.21558E+18,NA,"<a href=\http://twitter.com\"" rel=\""nofollow\"">Twitter Web Client</a>""",ianmcconnellHT,8,FALSE,FALSE,NA,NA,4,55.87037076,-4.257636401,10/01/2020,11/01/2020,Scottish National,,
"RT @ian9657: @NicolaSturgeon totally ignoring the 1,018,322 Scots who voted for #Brexit #FMQs",FALSE,0,NA,10/01/2020 07:51,FALSE,NA,1.21554E+18,NA,"<a href=\https://mobile.twitter.com\"" rel=\""nofollow\"">Twitter Web App</a>""",NickSturgeon4,2,TRUE,FALSE,NA,NA,4,55.87037076,-4.257636401,10/01/2020,11/01/2020,Scottish National,,
"#GetBrexitDone #BrexitBill
#Brexit is finally over, done completed, finished, just like the dead parrot...is no mor… https://t.co/N1uzYqlgMO",FALSE,10,NA,10/01/2020 07:19,TRUE,NA,1.21553E+18,NA,"<a href=\http://twitter.com/download/android\"" rel=\""nofollow\"">Twitter for Android</a>""",Glaikitgit,0,FALSE,FALSE,NA,NA,4,55.87037076,-4.257636401,10/01/2020,11/01/2020,Scottish National,,
"RT @ian9657: @NicolaSturgeon totally ignoring the 1,018,322 Scots who voted for #Brexit #FMQs",FALSE,0,NA,10/01/2020 02:37,FALSE,NA,1.21546E+18,NA,"<a href=\https://mobile.twitter.com\"" rel=\""nofollow\"">Twitter Web App</a>""",AintSnp,2,TRUE,FALSE,NA,NA,4,55.87037076,-4.257636401,10/01/2020,11/01/2020,Scottish National,,
"@curiousfox__ @DavidWooding There is a majority for #Brexit, it was proved in 2016.",FALSE,1,curiousfox__,10/01/2020 02:14,FALSE,1.21534E+18,1.21546E+18,7.28471E+17,"<a href=\https://mobile.twitter.com\"" rel=\""nofollow\"">Twitter Web App</a>""",Eddie_of_the_UK,0,FALSE,FALSE,NA,NA,4,55.87037076,-4.257636401,10/01/2020,11/01/2020,Scottish National,,
"@Obi1_Shinobi @wigmore_welsh @DavidWooding They party that pledged to \Get #Brexit Done\"" won a stonking 80 seat majority. So we are!""",FALSE,1,Obi1_Shinobi,10/01/2020 02:08,FALSE,1.2154E+18,1.21546E+18,237658796,"<a href=\https://mobile.twitter.com\"" rel=\""nofollow\"">Twitter Web App</a>""",Eddie_of_the_UK,0,FALSE,FALSE,NA,NA,4,55.87037076,-4.257636401,10/01/2020,11/01/2020,Scottish National,,
@moo2n @maymargie200 @Anthony_M_Kelly @snb19692 @SODEMAction @vonderleyen Yet the 2017 GE returned partys committed… https://t.co/r92UhODJAv,FALSE,0,moo2n,10/01/2020 01:52,TRUE,1.21544E+18,1.21545E+18,59120414,"<a href=\https://mobile.twitter.com\"" rel=\""nofollow\"">Twitter Web App</a>""",Eddie_of_the_UK,1,FALSE,FALSE,NA,NA,4,55.87037076,-4.257636401,10/01/2020,11/01/2020,Scottish National,,
"@ajcdeane Hahaha, and we thought #brexit was bad <U+0001F631><U+0001F631><U+0001F631><U+0001F631>",FALSE,1,ajcdeane,10/01/2020 22:29,FALSE,1.21576E+18,1.21576E+18,260632904,"<a href=\http://twitter.com/download/android\"" rel=\""nofollow\"">Twitter for Android</a>""",AlzTweets,0,FALSE,FALSE,NA,NA,4,55.50450602,-4.431877529,10/01/2020,11/01/2020,Scottish National,,
,,,,,,,,,,,,,,,,,,,,,,,
,,,,,,,,,,,,,,,,,,,,,,,
